<?xml version="1.0" encoding="UTF-8"?>
<project-private xmlns="http://www.netbeans.org/ns/project-private/1">
    <editor-bookmarks xmlns="http://www.netbeans.org/ns/editor-bookmarks/2" lastBookmarkId="0"/>
    <open-files xmlns="http://www.netbeans.org/ns/projectui-open-files/2">
        <group>
            <file>file:/C:/Users/e10517a/Documents/NetBeansProjects/EjecucionBatchMotor/src/com/ejecucionbatchmotor/util/ProcesarArchivoTexto.java</file>
            <file>file:/C:/Users/e10517a/Documents/NetBeansProjects/EjecucionBatchMotor/src/com/ejecucionbatchmotor/util/EnumEstrategias.java</file>
            <file>file:/C:/Users/e10517a/Documents/NetBeansProjects/EjecucionBatchMotor/src/resources/finandina/_15350_DECISOR_POLITICAS_DE_CREDITO_2.java</file>
            <file>file:/C:/Users/e10517a/Documents/NetBeansProjects/EjecucionBatchMotor/src/ejecucionbatchmotor/EjecucionBatchMotor.java</file>
        </group>
    </open-files>
</project-private>
